Latitude,Longitude,Time,Likelihood
50.87837,4.701532,2024-01-01T00:39:31Z,0.8759
50.878932,4.715923,2024-01-01T01:10:35Z,0.3585
50.878365,4.700281,2024-01-01T01:42:22Z,0.9097
50.880551,4.714897,2024-01-01T02:23:00Z,0.3317
50.860853,4.690916,2024-01-01T02:34:40Z,0.0191
50.894779,4.660272,2024-01-01T04:00:38Z,0.0
50.866885,4.678894,2024-01-01T04:23:48Z,0.1131
50.8782,4.717434,2024-01-01T05:24:12Z,0.3164
50.880385,4.706484,2024-01-01T06:15:00Z,0.2043
50.881026,4.706749,2024-01-01T06:46:41Z,0.1747
50.853424,4.690991,2024-01-01T07:30:57Z,0.0004
50.885172,4.703029,2024-01-01T09:39:57Z,0.1969
50.880089,4.710126,2024-01-01T11:02:28Z,0.7999
50.879354,4.701995,2024-01-01T11:03:19Z,0.6592
50.869528,4.688921,2024-01-01T11:36:24Z,0.0802
50.888991,4.709304,2024-01-01T12:05:46Z,0.1854
50.87502,4.704543,2024-01-01T12:42:06Z,0.6117
50.879469,4.707469,2024-01-01T14:43:00Z,0.769
50.880598,4.708951,2024-01-01T15:18:49Z,0.8352
50.852821,4.702684,2024-01-01T16:09:24Z,0.0
50.876253,4.701649,2024-01-01T16:57:31Z,0.3282
50.862955,4.685257,2024-01-01T17:41:28Z,0.4254
50.877505,4.716986,2024-01-01T18:58:18Z,0.8136
50.877536,4.718319,2024-01-01T19:48:50Z,0.743
50.857079,4.702075,2024-01-01T21:15:33Z,0.0008
50.893215,4.724086,2024-01-01T23:18:25Z,0.004
50.878907,4.703496,2024-01-02T01:28:53Z,0.2115
50.879162,4.700074,2024-01-02T01:39:46Z,0.8816
50.86349,4.677429,2024-01-02T03:25:51Z,0.2028
50.878618,4.702349,2024-01-02T04:39:28Z,0.8845
50.88226,4.716627,2024-01-02T05:19:09Z,0.2528
50.864514,4.680805,2024-01-02T06:04:52Z,0.1883
50.87919,4.706223,2024-01-02T06:26:24Z,0.2112
50.87855,4.716305,2024-01-02T08:41:56Z,0.8769
50.896922,4.672235,2024-01-02T09:21:48Z,0.0
50.878506,4.706885,2024-01-02T09:25:51Z,0.5493
50.865102,4.67476,2024-01-02T09:28:28Z,0.4776
50.886352,4.709339,2024-01-02T11:41:07Z,0.2017
50.892725,4.732509,2024-01-02T12:05:16Z,0.0552
50.864452,4.676582,2024-01-02T12:05:34Z,0.5271
50.879996,4.700381,2024-01-02T12:27:03Z,0.7008
50.879471,4.700395,2024-01-02T14:36:39Z,0.7123
50.88204,4.710694,2024-01-02T15:30:56Z,0.8196
50.882402,4.712804,2024-01-02T15:45:13Z,0.6117
50.879711,4.707433,2024-01-02T15:45:24Z,0.7818
50.87882,4.700242,2024-01-02T17:22:02Z,0.3619
50.877709,4.711436,2024-01-02T17:53:59Z,0.6715
50.8871,4.717267,2024-01-02T18:13:17Z,0.035
50.879052,4.701475,2024-01-02T19:11:01Z,0.7989
50.882244,4.709308,2024-01-02T20:56:32Z,0.5652
50.874571,4.663716,2024-01-02T22:21:44Z,0.0004
50.877788,4.703031,2024-01-02T22:47:47Z,0.8925
50.895012,4.719124,2024-01-02T23:45:27Z,0.0242
50.881219,4.714545,2024-01-03T00:16:17Z,0.2819
50.87722,4.717742,2024-01-03T01:52:25Z,0.2706
50.880289,4.706888,2024-01-03T03:16:28Z,0.1853
50.854587,4.708373,2024-01-03T03:45:07Z,0.0
50.882023,4.700019,2024-01-03T04:13:22Z,0.0734
50.891981,4.718123,2024-01-03T04:20:01Z,0.0131
50.879435,4.715826,2024-01-03T06:23:06Z,0.6958
50.880427,4.706171,2024-01-03T07:06:15Z,0.2036
50.901001,4.71498,2024-01-03T09:54:11Z,0.1699
50.877799,4.703773,2024-01-03T09:57:58Z,0.2951
50.876837,4.715105,2024-01-03T11:08:10Z,0.5328
50.881408,4.711227,2024-01-03T15:30:26Z,0.7536
50.90118,4.70727,2024-01-03T16:17:14Z,0.0853
50.907762,4.698443,2024-01-03T17:32:56Z,0.0047
50.876133,4.703638,2024-01-03T17:58:41Z,0.3622
50.863649,4.736703,2024-01-03T19:37:06Z,0.0
50.887475,4.706801,2024-01-03T20:48:10Z,0.654
50.880683,4.699495,2024-01-03T21:28:38Z,0.3688
50.878522,4.716578,2024-01-03T21:35:56Z,0.752
50.858156,4.726292,2024-01-03T21:37:21Z,0.0
50.880557,4.660795,2024-01-03T23:36:51Z,0.0
50.885237,4.736618,2024-01-04T00:22:59Z,0.0344
50.877646,4.704325,2024-01-04T01:04:38Z,0.1749
50.875795,4.702034,2024-01-04T01:10:07Z,0.9615
50.862122,4.676515,2024-01-04T02:35:42Z,0.1648
50.850423,4.662609,2024-01-04T06:12:11Z,0.0
50.85393,4.743659,2024-01-04T07:06:05Z,0.0
50.866425,4.67596,2024-01-04T09:58:14Z,0.4514
50.878915,4.707501,2024-01-04T13:40:18Z,0.8207
50.879419,4.701064,2024-01-04T15:47:14Z,0.706
50.868692,4.69367,2024-01-04T17:12:36Z,0.0747
50.899577,4.685522,2024-01-04T18:21:35Z,0.0005
50.878853,4.70852,2024-01-04T22:07:15Z,0.4994
50.867131,4.701423,2024-01-05T00:36:58Z,0.0215
50.886729,4.727299,2024-01-05T02:00:03Z,0.0906
50.875238,4.703059,2024-01-05T02:25:42Z,0.1195
50.877475,4.717144,2024-01-05T02:28:10Z,0.1437
50.880349,4.713861,2024-01-05T02:51:30Z,0.1896
50.879264,4.698732,2024-01-05T02:59:35Z,0.2967
50.880855,4.712448,2024-01-05T03:41:46Z,0.2015
50.879656,4.69925,2024-01-05T03:50:30Z,0.4611
50.878255,4.704404,2024-01-05T04:02:46Z,0.2053
50.883527,4.711822,2024-01-05T04:04:42Z,0.1348
50.882778,4.70582,2024-01-05T04:29:57Z,0.1839
50.881035,4.71069,2024-01-05T05:48:30Z,0.1861
50.857873,4.712099,2024-01-05T06:52:30Z,0.0
50.880656,4.716293,2024-01-05T07:04:15Z,0.7873
50.876024,4.704187,2024-01-05T08:04:58Z,0.1446
50.860582,4.664543,2024-01-05T10:03:19Z,0.0137
50.88124,4.716205,2024-01-05T10:49:39Z,0.498
50.886617,4.727768,2024-01-05T11:02:30Z,0.3022
50.908018,4.694014,2024-01-05T11:51:53Z,0.0017
50.876076,4.702802,2024-01-05T12:51:13Z,0.4536
50.878457,4.676408,2024-01-05T14:32:31Z,0.0024
50.904859,4.718157,2024-01-05T14:41:36Z,0.0278
50.880192,4.719898,2024-01-05T14:44:18Z,0.1706
50.877647,4.684593,2024-01-05T17:54:56Z,0.0167
50.898043,4.706179,2024-01-05T18:28:41Z,0.1476
50.894561,4.662109,2024-01-05T19:36:27Z,0.0
50.881204,4.695642,2024-01-05T19:50:12Z,0.4181
50.865947,4.716945,2024-01-05T20:19:45Z,0.0001
50.884285,4.708656,2024-01-05T20:52:29Z,0.5223
50.882663,4.709271,2024-01-05T21:00:59Z,0.1966
50.878463,4.704072,2024-01-05T21:28:49Z,0.4787
50.891482,4.705016,2024-01-05T22:40:05Z,0.4502
50.852526,4.681158,2024-01-05T23:55:36Z,0.0027
50.866,4.67207,2024-01-06T00:20:25Z,0.0278
50.882389,4.705605,2024-01-06T00:58:48Z,0.2154
50.909001,4.711084,2024-01-06T02:27:19Z,0.0115
50.878569,4.700592,2024-01-06T04:44:16Z,0.9369
50.854952,4.664162,2024-01-06T04:58:08Z,0.0003
50.864538,4.703838,2024-01-06T05:01:12Z,0.0073
50.879115,4.700431,2024-01-06T06:33:34Z,0.4197
50.877245,4.705765,2024-01-06T07:04:40Z,0.2857
50.888972,4.705639,2024-01-06T07:42:58Z,0.3076
50.877784,4.71712,2024-01-06T08:57:40Z,0.1349
50.851995,4.738061,2024-01-06T09:25:09Z,0.0
50.869276,4.719627,2024-01-06T09:26:44Z,0.0
50.881762,4.71639,2024-01-06T11:11:28Z,0.5389
50.903292,4.703534,2024-01-06T12:22:41Z,0.0496
50.879,4.700482,2024-01-06T12:25:08Z,0.3427
50.86162,4.723646,2024-01-06T12:26:24Z,0.0
50.861873,4.676619,2024-01-06T12:36:07Z,0.2982
50.881381,4.718073,2024-01-06T14:19:42Z,0.3244
50.90638,4.681875,2024-01-06T14:56:12Z,0.0
50.878629,4.703206,2024-01-06T15:16:14Z,0.9194
50.87764,4.69361,2024-01-06T17:29:59Z,0.3575
50.885264,4.73541,2024-01-06T18:35:23Z,0.2608
50.857495,4.678563,2024-01-06T18:37:51Z,0.086
50.900412,4.668687,2024-01-06T18:42:20Z,0.0
50.878863,4.700826,2024-01-06T19:08:52Z,0.791
50.851802,4.713399,2024-01-06T19:09:07Z,0.0
50.880309,4.700802,2024-01-06T21:04:14Z,0.6867
50.87845,4.716628,2024-01-06T22:07:06Z,0.4855
50.879197,4.699409,2024-01-06T22:55:53Z,0.3385
50.863309,4.679687,2024-01-06T23:25:06Z,0.3775
50.869307,4.687743,2024-01-07T00:05:34Z,0.0946
50.864393,4.681017,2024-01-07T01:49:31Z,0.1114
50.867097,4.689089,2024-01-07T02:11:27Z,0.0896
50.879106,4.703421,2024-01-07T03:53:28Z,0.1171
50.877053,4.70353,2024-01-07T04:46:12Z,0.8931
50.878832,4.715977,2024-01-07T05:43:20Z,0.3837
50.877395,4.716138,2024-01-07T06:00:38Z,0.1586
50.885867,4.734301,2024-01-07T06:54:02Z,0.0659
50.905935,4.683964,2024-01-07T08:32:49Z,0.0001
50.878998,4.701192,2024-01-07T09:52:48Z,0.3446
50.878018,4.701666,2024-01-07T10:13:21Z,0.3629
50.878978,4.710301,2024-01-07T10:17:42Z,0.5947
50.88085,4.709362,2024-01-07T12:24:02Z,0.5808
50.878386,4.717676,2024-01-07T15:38:39Z,0.4807
50.88151,4.694656,2024-01-07T16:00:59Z,0.2796
50.886198,4.731055,2024-01-07T16:38:49Z,0.3725
50.870523,4.69576,2024-01-07T17:17:43Z,0.0588
50.879236,4.701169,2024-01-07T19:07:46Z,0.7345
50.88004,4.714716,2024-01-07T19:07:51Z,0.7415
50.88133,4.739965,2024-01-07T19:13:17Z,0.0365
50.879545,4.69882,2024-01-07T19:44:13Z,0.3131
50.886178,4.736068,2024-01-07T20:15:13Z,0.2352
50.887614,4.704965,2024-01-07T20:44:43Z,0.6331
50.882336,4.708383,2024-01-07T22:08:28Z,0.3404
50.864435,4.681581,2024-01-07T22:35:28Z,0.3259
50.876532,4.702251,2024-01-07T23:51:59Z,0.8794
50.904953,4.742111,2024-01-08T01:38:01Z,0.0
50.877908,4.700765,2024-01-08T03:18:55Z,0.919
50.883096,4.710113,2024-01-08T03:24:39Z,0.1286
50.905791,4.680849,2024-01-08T03:35:56Z,0.0
50.872669,4.702014,2024-01-08T04:53:17Z,0.0194
50.876482,4.702663,2024-01-08T05:25:30Z,0.3714
50.877577,4.700141,2024-01-08T07:51:27Z,0.3651
50.881904,4.71136,2024-01-08T08:01:23Z,0.5039
50.890235,4.738854,2024-01-08T08:11:03Z,0.0183
50.893664,4.663592,2024-01-08T08:25:15Z,0.0
50.879456,4.699385,2024-01-08T09:19:00Z,0.324
50.876844,4.703222,2024-01-08T09:38:00Z,0.3644
50.877917,4.702259,2024-01-08T09:38:35Z,0.3468
50.88193,4.71087,2024-01-08T10:44:34Z,0.7762
50.900706,4.713938,2024-01-08T10:47:24Z,0.0833
50.881178,4.716877,2024-01-08T11:49:24Z,0.6542
50.879514,4.698963,2024-01-08T12:22:15Z,0.7939
50.899211,4.674962,2024-01-08T12:24:18Z,0.0
50.882788,4.707603,2024-01-08T12:38:57Z,0.4234
50.880891,4.715204,2024-01-08T12:42:10Z,0.6729
50.882851,4.715561,2024-01-08T12:55:50Z,0.5414
50.867625,4.718855,2024-01-08T13:56:28Z,0.0
50.877314,4.735836,2024-01-08T14:04:15Z,0.0039
50.89762,4.716108,2024-01-08T14:15:06Z,0.0465
50.903584,4.689185,2024-01-08T15:59:40Z,0.001
50.855046,4.714449,2024-01-08T16:04:42Z,0.0
50.878429,4.715197,2024-01-08T16:44:01Z,0.3398
50.898975,4.661303,2024-01-08T18:41:11Z,0.0
50.877895,4.71176,2024-01-08T19:27:30Z,0.6928
50.877328,4.680761,2024-01-08T22:08:57Z,0.0252
50.877184,4.716153,2024-01-08T22:31:53Z,0.703
50.878074,4.717547,2024-01-08T23:40:07Z,0.6723
50.879831,4.698991,2024-01-09T00:15:28Z,0.3407
50.857273,4.738344,2024-01-09T01:09:11Z,0.0
50.855378,4.722446,2024-01-09T01:16:35Z,0.0
50.889714,4.672351,2024-01-09T01:24:55Z,0.0
50.901255,4.717628,2024-01-09T02:52:09Z,0.0468
50.877589,4.70186,2024-01-09T03:25:32Z,0.9071
50.877939,4.717662,2024-01-09T05:25:05Z,0.3031
50.893638,4.686738,2024-01-09T06:01:39Z,0.0001
50.861397,4.70081,2024-01-09T07:33:43Z,0.0107
50.859686,4.700015,2024-01-09T09:46:34Z,0.0066
50.880122,4.701181,2024-01-09T10:27:28Z,0.7373
50.878702,4.713059,2024-01-09T12:23:26Z,0.8264
50.879698,4.707892,2024-01-09T13:34:57Z,0.8227
50.881584,4.684211,2024-01-09T14:52:57Z,0.0026
50.878569,4.702519,2024-01-09T15:04:26Z,0.3727
50.867941,4.73655,2024-01-09T15:53:39Z,0.0
50.867021,4.686656,2024-01-09T16:13:51Z,0.1196
50.88282,4.662466,2024-01-09T17:14:46Z,0.0
50.856099,4.726633,2024-01-09T17:18:16Z,0.0
50.878896,4.702451,2024-01-09T20:05:44Z,0.7606
50.906636,4.723227,2024-01-09T20:27:12Z,0.0116
50.881111,4.717316,2024-01-09T20:49:31Z,0.6422
50.877287,4.70328,2024-01-09T20:53:14Z,0.7947
50.882593,4.669142,2024-01-09T20:54:02Z,0.0001
50.878503,4.701985,2024-01-09T21:21:37Z,0.77
50.880433,4.7009,2024-01-09T21:58:54Z,0.7318
50.901163,4.70627,2024-01-10T01:48:54Z,0.0776
50.880032,4.727314,2024-01-10T01:49:24Z,0.0048
50.909306,4.716116,2024-01-10T05:24:58Z,0.0081
50.902238,4.729234,2024-01-10T05:35:41Z,0.0021
50.877964,4.707376,2024-01-10T05:53:15Z,0.1778
50.879347,4.701813,2024-01-10T05:57:17Z,0.2987
50.874606,4.694207,2024-01-10T06:40:45Z,0.0516
50.859651,4.674796,2024-01-10T06:44:09Z,0.0783
50.878553,4.699049,2024-01-10T10:55:28Z,0.3316
50.890478,4.68991,2024-01-10T11:29:48Z,0.0004
50.879072,4.701476,2024-01-10T11:59:44Z,0.3169
50.878074,4.70524,2024-01-10T13:30:32Z,0.8271
50.881379,4.708052,2024-01-10T13:36:51Z,0.7869
50.883298,4.710306,2024-01-10T13:38:53Z,0.4393
50.858499,4.741845,2024-01-10T13:40:19Z,0.0
50.881685,4.715689,2024-01-10T13:55:27Z,0.646
50.877908,4.70085,2024-01-10T16:20:29Z,0.2962
50.877764,4.717743,2024-01-10T17:32:46Z,0.8098
50.87996,4.70464,2024-01-10T18:19:14Z,0.781
50.879682,4.702203,2024-01-10T18:32:35Z,0.6861
50.900301,4.742232,2024-01-10T18:39:12Z,0.0001
50.851815,4.719266,2024-01-10T19:49:31Z,0.0
50.890288,4.705649,2024-01-10T20:24:34Z,0.5407
50.880253,4.716438,2024-01-10T20:30:49Z,0.6804
50.878609,4.700566,2024-01-10T21:09:19Z,0.7384
50.900379,4.713516,2024-01-10T23:19:31Z,0.0668
50.864193,4.681315,2024-01-10T23:23:02Z,0.5665
50.871304,4.71531,2024-01-11T00:09:32Z,0.0002
50.88647,4.727994,2024-01-11T00:32:11Z,0.1604
50.878475,4.710685,2024-01-11T01:08:15Z,0.214
50.878037,4.70099,2024-01-11T01:46:23Z,0.9625
50.878476,4.718959,2024-01-11T02:16:20Z,0.2778
50.879572,4.708409,2024-01-11T02:41:28Z,0.2133
50.878353,4.718174,2024-01-11T03:45:30Z,0.2934
50.879393,4.705439,2024-01-11T03:55:29Z,0.1903
50.881045,4.705116,2024-01-11T05:40:41Z,0.2128
50.880591,4.709611,2024-01-11T06:35:16Z,0.1949
50.865537,4.678323,2024-01-11T06:48:37Z,0.1418
50.879609,4.701476,2024-01-11T08:59:32Z,0.2862
50.862733,4.671474,2024-01-11T09:00:17Z,0.3106
50.876111,4.716556,2024-01-11T13:10:25Z,0.4115
50.879279,4.702633,2024-01-11T14:59:30Z,0.7426
50.90363,4.664936,2024-01-11T15:41:54Z,0.0
50.889889,4.705575,2024-01-11T17:00:22Z,0.6527
50.880209,4.715756,2024-01-11T20:51:19Z,0.6495
50.878358,4.706639,2024-01-11T22:37:17Z,0.551
50.863932,4.738233,2024-01-11T23:03:20Z,0.0
50.878149,4.704376,2024-01-12T02:06:39Z,0.2103
50.877054,4.668959,2024-01-12T03:19:31Z,0.0004
50.858344,4.714634,2024-01-12T08:50:11Z,0.0
50.878759,4.705214,2024-01-12T09:21:19Z,0.4928
50.863299,4.680132,2024-01-12T09:52:43Z,0.3888
50.862874,4.679824,2024-01-12T10:04:19Z,0.4367
50.851545,4.674285,2024-01-12T10:28:25Z,0.0014
50.882159,4.717063,2024-01-12T12:26:43Z,0.3855
50.879287,4.716532,2024-01-12T13:27:35Z,0.525
50.879051,4.70057,2024-01-12T13:38:44Z,0.502
50.878322,4.716351,2024-01-12T14:41:35Z,0.5048
50.90737,4.660505,2024-01-12T15:04:03Z,0.0
50.880406,4.706934,2024-01-12T17:08:49Z,0.8349
50.850631,4.722924,2024-01-12T19:20:16Z,0.0
50.882622,4.705463,2024-01-12T19:21:40Z,0.5739
50.901366,4.708413,2024-01-12T21:17:58Z,0.1805
50.87918,4.702469,2024-01-12T22:37:20Z,0.2812
50.880695,4.713933,2024-01-13T00:52:56Z,0.2179
50.879993,4.69876,2024-01-13T02:15:48Z,0.5182
50.870241,4.732842,2024-01-13T02:27:39Z,0.0
50.878625,4.70492,2024-01-13T02:30:12Z,0.2335
50.87948,4.705294,2024-01-13T02:35:24Z,0.2408
50.879089,4.700125,2024-01-13T03:03:53Z,0.9296
50.878808,4.716806,2024-01-13T03:12:45Z,0.1666
50.850361,4.697326,2024-01-13T04:38:20Z,0.0
50.879684,4.700693,2024-01-13T05:35:59Z,0.3144
50.870108,4.717034,2024-01-13T06:07:41Z,0.0001
50.880512,4.700146,2024-01-13T06:55:24Z,0.4707
50.882494,4.70946,2024-01-13T07:09:11Z,0.2089
50.874419,4.66011,2024-01-13T07:44:52Z,0.0
50.879543,4.703801,2024-01-13T08:29:34Z,0.594
50.879429,4.700415,2024-01-13T09:17:56Z,0.2727
50.88126,4.698909,2024-01-13T10:14:59Z,0.1408
50.875172,4.702957,2024-01-13T10:44:04Z,0.4368
50.897981,4.678471,2024-01-13T13:03:22Z,0.0
50.880608,4.715321,2024-01-13T14:25:25Z,0.4809
50.878893,4.700512,2024-01-13T15:34:13Z,0.3764
50.88225,4.714607,2024-01-13T16:29:43Z,0.7832
50.875082,4.724049,2024-01-13T17:07:57Z,0.0007
50.880684,4.699615,2024-01-13T20:08:02Z,0.4585
50.884777,4.729527,2024-01-13T20:21:41Z,0.3198
50.877038,4.731828,2024-01-13T20:32:56Z,0.0063
50.872127,4.723443,2024-01-13T21:27:11Z,0.0
50.878975,4.700247,2024-01-14T00:52:25Z,0.9149
50.877759,4.718411,2024-01-14T01:01:17Z,0.1389
50.881642,4.707749,2024-01-14T03:27:57Z,0.1105
50.882481,4.66334,2024-01-14T04:41:52Z,0.0
50.878238,4.69245,2024-01-14T06:22:01Z,0.0314
50.878643,4.719157,2024-01-14T07:29:34Z,0.105
50.88682,4.699886,2024-01-14T08:45:43Z,0.1182
50.864549,4.682095,2024-01-14T09:42:04Z,0.4164
50.879175,4.705883,2024-01-14T09:48:43Z,0.3343
50.884323,4.708729,2024-01-14T09:49:45Z,0.1636
50.879881,4.708155,2024-01-14T12:24:09Z,0.6319
50.871332,4.687901,2024-01-14T12:24:47Z,0.0953
50.870723,4.722058,2024-01-14T13:14:22Z,0.0
50.89236,4.6859,2024-01-14T13:16:41Z,0.0001
50.888478,4.70803,2024-01-14T13:26:00Z,0.2365
50.877208,4.717344,2024-01-14T14:43:21Z,0.5625
50.878354,4.704512,2024-01-14T15:35:55Z,0.6709
50.867886,4.698693,2024-01-14T16:41:10Z,0.0323
50.887623,4.705443,2024-01-14T17:03:16Z,0.6813
50.876339,4.673588,2024-01-14T17:35:02Z,0.0023
50.852597,4.742708,2024-01-14T17:48:38Z,0.0
50.855071,4.673716,2024-01-14T20:09:03Z,0.0168
50.872326,4.736498,2024-01-14T21:28:47Z,0.0
50.88917,4.704927,2024-01-14T22:23:22Z,0.674
50.862575,4.682017,2024-01-14T22:42:47Z,0.3681
50.859867,4.678426,2024-01-14T23:27:53Z,0.1694
50.905367,4.714793,2024-01-15T00:52:38Z,0.0308
50.877492,4.704219,2024-01-15T00:52:52Z,0.8612
50.884248,4.694635,2024-01-15T02:40:01Z,0.0082
50.877775,4.71823,2024-01-15T03:58:30Z,0.3281
50.881433,4.708935,2024-01-15T04:15:50Z,0.184
50.851842,4.687676,2024-01-15T06:46:22Z,0.0003
50.882012,4.716903,2024-01-15T07:19:54Z,0.8257
50.850384,4.666965,2024-01-15T09:04:17Z,0.0002
50.888123,4.702026,2024-01-15T09:10:24Z,0.2344
50.878352,4.7158,2024-01-15T10:32:14Z,0.791
50.877538,4.70486,2024-01-15T11:11:27Z,0.8013
50.879323,4.699631,2024-01-15T11:43:38Z,0.6656
50.879641,4.717758,2024-01-15T12:00:44Z,0.5922
50.87268,4.690805,2024-01-15T12:29:06Z,0.0819
50.879296,4.70083,2024-01-15T12:33:06Z,0.6463
50.878867,4.715479,2024-01-15T12:47:02Z,0.8611
50.863303,4.738206,2024-01-15T13:40:23Z,0.0
50.877637,4.716722,2024-01-15T14:15:05Z,0.8427
50.875907,4.703852,2024-01-15T15:49:54Z,0.8043
50.880206,4.699133,2024-01-15T16:03:07Z,0.316
50.895692,4.685576,2024-01-15T16:17:31Z,0.0001
50.877534,4.714397,2024-01-15T16:28:44Z,0.6437
50.875517,4.703643,2024-01-15T17:49:49Z,0.7951
50.882189,4.712882,2024-01-15T18:12:16Z,0.8622
50.880752,4.716531,2024-01-15T18:28:17Z,0.9123
50.879245,4.701358,2024-01-15T18:39:07Z,0.7381
50.879534,4.709465,2024-01-15T18:45:07Z,0.8088
50.850775,4.743449,2024-01-15T19:28:25Z,0.0
50.878968,4.70086,2024-01-15T20:27:48Z,0.783
50.879065,4.700925,2024-01-15T20:49:11Z,0.7454
50.882351,4.699889,2024-01-15T22:24:56Z,0.0619
50.892151,4.727438,2024-01-15T23:17:45Z,0.01
50.892765,4.704157,2024-01-15T23:20:41Z,0.1881
50.878836,4.701194,2024-01-15T23:21:23Z,0.8911
50.865251,4.715263,2024-01-16T00:21:32Z,0.0001
50.879532,4.706362,2024-01-16T01:21:59Z,0.1826
50.860578,4.677879,2024-01-16T02:54:25Z,0.1226
50.880205,4.698861,2024-01-16T03:25:37Z,0.3236
50.882796,4.711079,2024-01-16T03:42:22Z,0.1994
50.85525,4.67501,2024-01-16T06:09:50Z,0.0128
50.882,4.700551,2024-01-16T06:31:23Z,0.0796
50.888213,4.717997,2024-01-16T08:14:16Z,0.0025
50.851285,4.743301,2024-01-16T08:27:51Z,0.0
50.880644,4.694105,2024-01-16T08:29:11Z,0.2503
50.87749,4.699216,2024-01-16T08:55:18Z,0.2565
50.878386,4.709926,2024-01-16T09:00:23Z,0.5782
50.903045,4.683918,2024-01-16T11:40:40Z,0.0001
50.881902,4.710842,2024-01-16T12:18:14Z,0.7926
50.880576,4.715098,2024-01-16T13:00:15Z,0.6968
50.884177,4.707683,2024-01-16T14:15:37Z,0.4149
50.881664,4.707962,2024-01-16T14:31:11Z,0.7922
50.877112,4.717197,2024-01-16T15:43:59Z,0.8075
50.880363,4.709509,2024-01-16T17:46:57Z,0.7814
50.880957,4.715788,2024-01-16T18:55:44Z,0.8662
50.852312,4.663105,2024-01-16T19:37:26Z,0.0002
50.878487,4.700956,2024-01-16T19:47:41Z,0.7832
50.88424,4.703756,2024-01-16T23:01:26Z,0.5566
50.897176,4.696587,2024-01-16T23:05:34Z,0.0129
50.882059,4.719211,2024-01-16T23:12:29Z,0.134
50.878529,4.700194,2024-01-16T23:31:01Z,0.8553
50.908254,4.668332,2024-01-16T23:39:22Z,0.0
50.87931,4.701705,2024-01-17T00:22:50Z,0.2962
50.863903,4.68034,2024-01-17T00:31:18Z,0.2387
50.88088,4.707856,2024-01-17T01:05:25Z,0.1841
50.882859,4.710081,2024-01-17T01:06:54Z,0.1442
50.879804,4.702868,2024-01-17T01:37:52Z,0.3228
50.900451,4.7096,2024-01-17T02:07:44Z,0.0977
50.883533,4.70382,2024-01-17T04:47:47Z,0.2133
50.877221,4.701255,2024-01-17T06:06:54Z,0.3259
50.875964,4.703583,2024-01-17T06:07:52Z,0.3164
50.879239,4.702078,2024-01-17T07:27:05Z,0.3046
50.859757,4.680887,2024-01-17T07:58:42Z,0.1068
50.859309,4.744687,2024-01-17T08:12:56Z,0.0
50.887847,4.741633,2024-01-17T09:18:46Z,0.0112
50.876582,4.731893,2024-01-17T10:17:18Z,0.0006
50.880145,4.697997,2024-01-17T13:35:20Z,0.702
50.896491,4.734331,2024-01-17T13:54:17Z,0.0055
50.885095,4.727808,2024-01-17T14:15:59Z,0.4433
50.879942,4.695665,2024-01-17T17:33:01Z,0.4434
50.878229,4.705599,2024-01-17T17:50:46Z,0.788
50.870669,4.686745,2024-01-17T19:01:31Z,0.1847
50.865517,4.685567,2024-01-17T20:22:41Z,0.3371
50.864281,4.680172,2024-01-17T20:28:59Z,0.5427
50.868595,4.681149,2024-01-17T20:49:07Z,0.2144
50.878611,4.701091,2024-01-17T22:55:55Z,0.9201
50.881016,4.691485,2024-01-18T00:02:32Z,0.0591
50.879766,4.698096,2024-01-18T00:03:48Z,0.3269
50.878412,4.70007,2024-01-18T00:04:28Z,0.9593
50.891758,4.699554,2024-01-18T02:30:04Z,0.042
50.880989,4.715783,2024-01-18T04:02:59Z,0.3314
50.875701,4.691997,2024-01-18T05:39:17Z,0.0545
50.878446,4.71175,2024-01-18T06:01:08Z,0.3061
50.87834,4.710829,2024-01-18T06:54:33Z,0.2114
50.867032,4.701549,2024-01-18T06:55:56Z,0.0209
50.880811,4.713816,2024-01-18T07:03:14Z,0.8944
50.877191,4.702088,2024-01-18T07:32:27Z,0.494
50.863546,4.679569,2024-01-18T09:05:29Z,0.663
50.902715,4.69423,2024-01-18T09:46:54Z,0.0174
50.88383,4.728703,2024-01-18T10:30:44Z,0.3499
50.888689,4.705295,2024-01-18T11:30:44Z,0.3591
50.872912,4.700694,2024-01-18T11:41:21Z,0.0238
50.884819,4.728659,2024-01-18T12:03:18Z,0.3826
50.878707,4.714613,2024-01-18T13:08:14Z,0.8703
50.900128,4.725185,2024-01-18T13:17:21Z,0.0084
50.861746,4.733948,2024-01-18T13:32:35Z,0.0
50.881736,4.708742,2024-01-18T13:47:54Z,0.8335
50.879722,4.700208,2024-01-18T14:08:26Z,0.7063
50.888771,4.704746,2024-01-18T14:31:49Z,0.315
50.882071,4.7187,2024-01-18T15:14:07Z,0.4343
50.880496,4.701819,2024-01-18T15:39:56Z,0.6953
50.885331,4.733159,2024-01-18T16:33:45Z,0.2122
50.884881,4.726801,2024-01-18T20:07:36Z,0.3652
50.881135,4.712781,2024-01-18T20:11:02Z,0.5686
50.901498,4.711697,2024-01-18T20:13:32Z,0.1883
50.878939,4.70016,2024-01-18T20:59:28Z,0.8587
50.862854,4.681615,2024-01-18T21:18:30Z,0.59
50.889905,4.7201,2024-01-18T21:19:07Z,0.0031
50.878409,4.715205,2024-01-18T23:04:13Z,0.3219
50.879646,4.692874,2024-01-18T23:05:17Z,0.2658
50.87903,4.717621,2024-01-18T23:17:24Z,0.736
50.882287,4.701043,2024-01-18T23:32:51Z,0.068
50.879562,4.707829,2024-01-19T01:28:22Z,0.2173
50.899275,4.719657,2024-01-19T02:59:36Z,0.0317
50.879284,4.705249,2024-01-19T03:29:39Z,0.2058
50.884479,4.728174,2024-01-19T04:14:26Z,0.0963
50.903873,4.688495,2024-01-19T05:55:50Z,0.0006
50.888744,4.660393,2024-01-19T06:29:31Z,0.0
50.879327,4.701797,2024-01-19T07:02:22Z,0.3225
50.881679,4.712894,2024-01-19T07:15:47Z,0.7461
50.876892,4.717673,2024-01-19T07:25:27Z,0.1224
50.871913,4.702951,2024-01-19T08:30:04Z,0.0426
50.880513,4.710532,2024-01-19T08:33:43Z,0.5713
50.878563,4.70074,2024-01-19T10:35:52Z,0.5106
50.877356,4.70297,2024-01-19T10:51:45Z,0.5031
50.875998,4.701958,2024-01-19T11:41:24Z,0.4379
50.863536,4.682988,2024-01-19T13:02:52Z,0.3856
50.880674,4.700118,2024-01-19T14:02:45Z,0.9487
50.880184,4.701298,2024-01-19T17:00:45Z,0.7223
50.881509,4.714128,2024-01-19T18:01:01Z,0.746
50.880741,4.700455,2024-01-19T19:22:22Z,0.504
50.876543,4.700077,2024-01-19T20:35:45Z,0.7865
50.87808,4.682875,2024-01-19T22:31:47Z,0.0263
50.863088,4.680982,2024-01-19T22:33:11Z,0.3963
50.878301,4.717961,2024-01-19T23:10:26Z,0.4111
50.892169,4.727915,2024-01-19T23:42:12Z,0.0163
50.880205,4.716205,2024-01-20T00:09:09Z,0.1853
50.875266,4.663088,2024-01-20T01:18:14Z,0.0001
50.877977,4.705804,2024-01-20T02:17:48Z,0.2554
50.882915,4.709217,2024-01-20T02:27:57Z,0.2365
50.882004,4.714812,2024-01-20T05:33:06Z,0.205
50.878841,4.69928,2024-01-20T06:09:51Z,0.3808
50.873908,4.677397,2024-01-20T07:03:12Z,0.0372
50.878211,4.700764,2024-01-20T08:42:12Z,0.3599
50.879253,4.699949,2024-01-20T08:46:19Z,0.4209
50.882703,4.71618,2024-01-20T08:50:42Z,0.6782
50.876707,4.700105,2024-01-20T08:58:48Z,0.3062
50.863262,4.682072,2024-01-20T09:04:47Z,0.4525
50.894281,4.670253,2024-01-20T10:51:47Z,0.0
50.887151,4.719513,2024-01-20T11:22:47Z,0.0251
50.878716,4.711396,2024-01-20T12:07:55Z,0.9208
50.854235,4.667783,2024-01-20T12:45:29Z,0.0026
50.880088,4.71786,2024-01-20T13:26:38Z,0.435
50.895286,4.719036,2024-01-20T13:52:38Z,0.0256
50.898569,4.740162,2024-01-20T14:14:47Z,0.0009
50.855066,4.702763,2024-01-20T15:05:48Z,0.0001
50.876698,4.703272,2024-01-20T15:45:07Z,0.4252
50.88854,4.702009,2024-01-20T18:47:49Z,0.5549
50.860564,4.73917,2024-01-20T19:57:35Z,0.0
50.869969,4.687872,2024-01-20T20:20:34Z,0.1783
50.880418,4.711075,2024-01-20T21:03:15Z,0.6871
50.877155,4.708621,2024-01-20T21:30:35Z,0.4313
50.879894,4.701934,2024-01-20T21:31:11Z,0.7414
50.879249,4.701586,2024-01-20T22:22:04Z,0.3202
50.856322,4.729904,2024-01-20T22:28:59Z,0.0
50.883601,4.72827,2024-01-20T23:17:35Z,0.0775
50.876944,4.703349,2024-01-20T23:52:26Z,0.9246
50.886164,4.730413,2024-01-21T00:45:04Z,0.1128
50.881054,4.679977,2024-01-21T01:37:27Z,0.0014
50.881194,4.700034,2024-01-21T02:32:47Z,0.1568
50.854624,4.664532,2024-01-21T05:44:03Z,0.0002
50.862194,4.717336,2024-01-21T07:20:49Z,0.0
50.879619,4.701024,2024-01-21T08:26:44Z,0.2791
50.906367,4.744702,2024-01-21T08:55:03Z,0.0
50.88015,4.709317,2024-01-21T09:11:08Z,0.3536
50.877646,4.718033,2024-01-21T09:28:26Z,0.5189
50.868681,4.724343,2024-01-21T10:03:20Z,0.0
50.88267,4.699219,2024-01-21T10:14:52Z,0.0696
50.879866,4.706266,2024-01-21T10:37:21Z,0.6265
50.89539,4.721635,2024-01-21T11:13:06Z,0.0152
50.870079,4.697272,2024-01-21T11:21:22Z,0.0487
50.8605,4.671293,2024-01-21T13:53:12Z,0.1038
50.885755,4.731105,2024-01-21T14:33:22Z,0.3575
50.882085,4.714166,2024-01-21T14:42:59Z,0.4574
50.879895,4.708984,2024-01-21T15:04:21Z,0.5923
50.877351,4.718015,2024-01-21T16:13:46Z,0.4795
50.882694,4.725338,2024-01-21T16:22:07Z,0.1751
50.878695,4.707044,2024-01-21T16:23:55Z,0.6119
50.87868,4.701199,2024-01-21T17:48:03Z,0.3628
50.876626,4.702601,2024-01-21T18:06:56Z,0.3039
50.881731,4.700669,2024-01-21T18:22:18Z,0.473
50.882754,4.711321,2024-01-21T19:31:58Z,0.6183
50.903155,4.683075,2024-01-21T21:15:49Z,0.0001
50.883306,4.708983,2024-01-21T21:18:03Z,0.1863
50.878984,4.678277,2024-01-21T21:36:31Z,0.007
50.880906,4.707962,2024-01-21T22:09:40Z,0.3448
50.868108,4.698841,2024-01-22T00:24:05Z,0.0381
50.900719,4.717128,2024-01-22T01:07:38Z,0.059
50.880323,4.703762,2024-01-22T01:39:50Z,0.1631
50.897407,4.731155,2024-01-22T02:53:52Z,0.0009
50.889087,4.723163,2024-01-22T04:03:44Z,0.0097
50.881528,4.716871,2024-01-22T04:58:27Z,0.3059
50.888128,4.702932,2024-01-22T05:14:01Z,0.2603
50.877422,4.702629,2024-01-22T06:15:54Z,0.3313
50.877996,4.704617,2024-01-22T07:46:52Z,0.1869
50.889555,4.709325,2024-01-22T09:15:16Z,0.1509
50.904673,4.726383,2024-01-22T09:35:10Z,0.0083
50.880201,4.715033,2024-01-22T12:35:21Z,0.6264
50.878502,4.702204,2024-01-22T13:04:59Z,0.3717
50.864453,4.734793,2024-01-22T16:55:59Z,0.0
50.870797,4.717361,2024-01-22T17:36:35Z,0.0001
50.877599,4.711745,2024-01-22T20:23:08Z,0.6306
50.877808,4.704562,2024-01-22T20:27:52Z,0.5189
50.861268,4.719508,2024-01-22T21:02:01Z,0.0
50.854591,4.7178,2024-01-22T21:56:06Z,0.0
50.879265,4.700655,2024-01-22T22:16:21Z,0.2838
50.87964,4.701278,2024-01-22T22:18:41Z,0.2777
50.908358,4.740133,2024-01-22T22:32:01Z,0.0
50.850455,4.724821,2024-01-22T22:44:35Z,0.0
50.880009,4.708904,2024-01-22T22:56:57Z,0.5307
50.86779,4.692923,2024-01-23T00:08:24Z,0.0757
50.864809,4.663345,2024-01-23T05:34:54Z,0.0055
50.880147,4.701732,2024-01-23T05:52:02Z,0.3088
50.879688,4.698712,2024-01-23T06:04:38Z,0.3708
50.877417,4.712435,2024-01-23T08:54:17Z,0.1844
50.86398,4.663501,2024-01-23T09:39:40Z,0.0244
50.877991,4.701059,2024-01-23T09:49:43Z,0.3153
50.903889,4.718016,2024-01-23T09:55:36Z,0.0685
50.901277,4.664096,2024-01-23T10:09:01Z,0.0
50.882357,4.714014,2024-01-23T11:04:53Z,0.705
50.880921,4.70722,2024-01-23T11:47:36Z,0.7533
50.851662,4.70414,2024-01-23T13:11:30Z,0.0
50.881977,4.723614,2024-01-23T13:21:10Z,0.0432
50.88743,4.707429,2024-01-23T13:36:05Z,0.2528
50.8643,4.670653,2024-01-23T13:36:23Z,0.3014
50.860266,4.706228,2024-01-23T14:45:29Z,0.0006
50.861536,4.733118,2024-01-23T14:48:03Z,0.0
50.883338,4.709255,2024-01-23T14:54:25Z,0.4891
50.87942,4.701369,2024-01-23T16:28:01Z,0.6595
50.876432,4.703754,2024-01-23T16:55:39Z,0.3366
50.880507,4.710161,2024-01-23T17:20:51Z,0.8132
50.878104,4.702027,2024-01-23T17:21:16Z,0.3757
50.881593,4.684835,2024-01-23T17:26:05Z,0.0038
50.881395,4.708271,2024-01-23T18:16:05Z,0.797
50.881478,4.7143,2024-01-23T19:08:12Z,0.9032
50.876139,4.717698,2024-01-23T21:49:41Z,0.3522
50.889649,4.708337,2024-01-23T21:49:55Z,0.4437
50.875474,4.702955,2024-01-23T21:50:05Z,0.7483
50.880274,4.705012,2024-01-24T01:00:52Z,0.1989
50.87702,4.673318,2024-01-24T01:28:11Z,0.0019
50.871228,4.708483,2024-01-24T05:38:41Z,0.0036
50.868762,4.663521,2024-01-24T05:59:29Z,0.002
50.87979,4.709619,2024-01-24T06:43:40Z,0.1695
50.887864,4.703855,2024-01-24T08:33:44Z,0.3064
50.901062,4.690572,2024-01-24T08:41:37Z,0.0057
50.87692,4.70144,2024-01-24T09:08:23Z,0.3407
50.867513,4.665586,2024-01-24T10:17:46Z,0.0379
50.877478,4.702832,2024-01-24T10:51:03Z,0.3486
50.888467,4.726639,2024-01-24T12:46:54Z,0.1403
50.881357,4.713762,2024-01-24T13:01:39Z,0.6763
50.893019,4.668271,2024-01-24T13:59:58Z,0.0
50.878074,4.702436,2024-01-24T15:04:17Z,0.376
50.880076,4.714501,2024-01-24T15:55:32Z,0.6872
50.894901,4.698803,2024-01-24T18:51:22Z,0.0291
50.881781,4.700736,2024-01-24T19:19:15Z,0.2974
50.878656,4.709963,2024-01-24T19:20:12Z,0.819
50.879221,4.668076,2024-01-24T20:01:21Z,0.0002
50.90599,4.679259,2024-01-24T21:03:57Z,0.0
50.878942,4.700343,2024-01-24T21:25:13Z,0.7719
50.906866,4.736075,2024-01-24T23:14:58Z,0.0
50.853544,4.743125,2024-01-24T23:33:45Z,0.0
50.904942,4.68894,2024-01-25T00:09:00Z,0.0006
50.885307,4.728653,2024-01-25T02:24:20Z,0.1746
50.880599,4.699052,2024-01-25T02:40:13Z,0.325
50.88352,4.707643,2024-01-25T03:34:05Z,0.1223
50.863019,4.680465,2024-01-25T03:39:00Z,0.2103
50.881062,4.692453,2024-01-25T04:22:56Z,0.0703
50.905788,4.701112,2024-01-25T04:37:45Z,0.0169
50.881824,4.706134,2024-01-25T04:42:18Z,0.1925
50.877798,4.700485,2024-01-25T05:04:46Z,0.4348
50.876462,4.70237,2024-01-25T05:37:35Z,0.4772
50.856308,4.67643,2024-01-25T05:54:29Z,0.0201
50.886535,4.704142,2024-01-25T06:23:12Z,0.2546
50.879787,4.715735,2024-01-25T06:47:28Z,0.7075
50.873537,4.695731,2024-01-25T08:04:06Z,0.1101
50.885734,4.726805,2024-01-25T08:30:32Z,0.6426
50.865325,4.718464,2024-01-25T09:21:46Z,0.0
50.900308,4.736229,2024-01-25T09:35:01Z,0.0001
50.858405,4.730951,2024-01-25T09:58:36Z,0.0
50.878492,4.716689,2024-01-25T10:07:42Z,0.8331
50.878904,4.701553,2024-01-25T11:08:44Z,0.4351
50.879192,4.701738,2024-01-25T16:03:22Z,0.6766
50.877293,4.704744,2024-01-25T16:42:59Z,0.8288
50.875614,4.702209,2024-01-25T16:50:22Z,0.4203
50.880558,4.714218,2024-01-25T18:03:14Z,0.8605
50.879079,4.713233,2024-01-25T19:40:04Z,0.8048
50.871848,4.670337,2024-01-25T19:53:43Z,0.0171
50.888254,4.735259,2024-01-25T20:30:51Z,0.155
50.881252,4.7151,2024-01-25T22:09:00Z,0.6388
50.891431,4.705908,2024-01-25T22:14:52Z,0.3834
50.879816,4.715511,2024-01-25T22:24:44Z,0.6812
50.87881,4.701288,2024-01-25T22:31:52Z,0.9652
50.881587,4.713106,2024-01-25T22:38:03Z,0.632
50.857708,4.668451,2024-01-25T22:45:38Z,0.0357
50.875804,4.704806,2024-01-25T23:24:36Z,0.5913
50.877119,4.71657,2024-01-25T23:34:30Z,0.7131
50.881694,4.714271,2024-01-26T00:35:31Z,0.2003
50.879381,4.690329,2024-01-26T03:01:59Z,0.0426
50.878343,4.703231,2024-01-26T03:24:38Z,0.9822
50.877918,4.702563,2024-01-26T04:55:37Z,0.9786
50.880477,4.693062,2024-01-26T05:04:24Z,0.0703
50.878861,4.699378,2024-01-26T05:38:00Z,0.4402
50.87781,4.703601,2024-01-26T07:23:45Z,0.445
50.877416,4.70047,2024-01-26T07:26:07Z,0.5126
50.880262,4.714472,2024-01-26T11:10:00Z,0.4431
50.868431,4.71645,2024-01-26T11:25:24Z,0.0001
50.904,4.667291,2024-01-26T11:28:15Z,0.0
50.878989,4.714188,2024-01-26T11:37:07Z,0.4544
50.879469,4.662637,2024-01-26T11:37:39Z,0.0
50.878736,4.716742,2024-01-26T11:41:11Z,0.5192
50.88036,4.714908,2024-01-26T13:49:34Z,0.4863
50.878436,4.70149,2024-01-26T15:36:13Z,0.43
50.878645,4.701467,2024-01-26T16:07:19Z,0.5229
50.877512,4.718036,2024-01-26T16:16:59Z,0.5387
50.858608,4.743899,2024-01-26T16:19:00Z,0.0
50.85564,4.734427,2024-01-26T16:37:08Z,0.0
50.880362,4.715074,2024-01-26T16:50:57Z,0.7363
50.864472,4.674554,2024-01-26T17:06:19Z,0.2227
50.881779,4.718218,2024-01-26T19:41:50Z,0.6087
50.880238,4.711641,2024-01-26T21:00:13Z,0.4882
50.902257,4.70411,2024-01-26T21:18:07Z,0.1168
50.862078,4.725242,2024-01-26T22:23:39Z,0.0
50.885127,4.729009,2024-01-26T22:49:52Z,0.3198
50.877858,4.699428,2024-01-26T23:14:46Z,0.962
50.869806,4.731508,2024-01-26T23:27:25Z,0.0
50.886263,4.705114,2024-01-27T00:37:42Z,0.262
50.882526,4.710626,2024-01-27T04:13:31Z,0.2557
50.879834,4.708481,2024-01-27T05:04:53Z,0.2514
50.883763,4.725898,2024-01-27T07:08:18Z,0.3258
50.863942,4.683391,2024-01-27T07:42:41Z,0.1037
50.882246,4.698943,2024-01-27T08:25:51Z,0.0774
50.878491,4.71918,2024-01-27T08:55:19Z,0.1136
50.87953,4.698504,2024-01-27T09:39:21Z,0.9103
50.878569,4.704339,2024-01-27T11:38:25Z,0.8999
50.879429,4.701474,2024-01-27T11:47:56Z,0.7195
50.852164,4.686596,2024-01-27T12:41:57Z,0.0009
50.879019,4.715374,2024-01-27T13:07:20Z,0.9495
50.879888,4.701899,2024-01-27T15:57:55Z,0.7033
50.879311,4.701167,2024-01-27T16:10:32Z,0.7187
50.87862,4.700838,2024-01-27T17:31:07Z,0.38
50.878967,4.706176,2024-01-27T17:49:08Z,0.8658
50.890411,4.742172,2024-01-27T17:55:33Z,0.0574
50.881069,4.693459,2024-01-27T19:14:12Z,0.5363
50.879537,4.690913,2024-01-27T20:05:22Z,0.2415
50.879337,4.702038,2024-01-27T20:36:47Z,0.7365
50.899765,4.686374,2024-01-27T22:55:30Z,0.0007
50.864723,4.68109,2024-01-27T22:58:48Z,0.3204
50.870391,4.733523,2024-01-27T23:16:11Z,0.0
50.901625,4.731516,2024-01-28T01:40:23Z,0.0008
50.884037,4.710018,2024-01-28T01:59:13Z,0.1335
50.862364,4.725091,2024-01-28T02:05:42Z,0.0
50.88292,4.691361,2024-01-28T02:08:26Z,0.0111
50.881271,4.71371,2024-01-28T03:26:57Z,0.2249
50.868611,4.703584,2024-01-28T04:10:19Z,0.012
50.881351,4.67413,2024-01-28T05:01:59Z,0.0003
50.878144,4.70145,2024-01-28T05:06:36Z,0.356
50.880295,4.709811,2024-01-28T05:26:53Z,0.1176
50.878575,4.707187,2024-01-28T06:41:38Z,0.1372
50.881072,4.714539,2024-01-28T07:31:19Z,0.7783
50.881279,4.711194,2024-01-28T09:13:24Z,0.3633
50.878414,4.718726,2024-01-28T09:55:14Z,0.4734
50.881328,4.714126,2024-01-28T10:39:54Z,0.4969
50.876698,4.703444,2024-01-28T11:08:47Z,0.2954
50.851973,4.686419,2024-01-28T11:21:23Z,0.0009
50.878308,4.710389,2024-01-28T11:48:26Z,0.6345
50.858114,4.723899,2024-01-28T12:57:47Z,0.0
50.877555,4.704571,2024-01-28T16:11:04Z,0.6342
50.881073,4.715599,2024-01-28T17:40:27Z,0.7525
50.881827,4.741818,2024-01-28T22:09:58Z,0.0073
50.880108,4.715159,2024-01-28T23:03:50Z,0.1824
50.880833,4.693301,2024-01-29T00:45:00Z,0.088
50.879507,4.693541,2024-01-29T00:58:50Z,0.0869
50.877599,4.700212,2024-01-29T01:14:43Z,0.9189
50.87827,4.711938,2024-01-29T02:22:40Z,0.2691
50.876325,4.702483,2024-01-29T05:05:11Z,0.2967
50.879926,4.705374,2024-01-29T06:23:58Z,0.169
50.89588,4.738355,2024-01-29T07:40:03Z,0.0012
50.887621,4.728082,2024-01-29T07:53:42Z,0.0592
50.876056,4.728502,2024-01-29T08:38:07Z,0.0003
50.872748,4.670511,2024-01-29T09:06:21Z,0.0171
50.879998,4.705444,2024-01-29T09:15:43Z,0.5728
50.878877,4.701353,2024-01-29T10:36:11Z,0.3448
50.876515,4.718165,2024-01-29T12:02:23Z,0.5606
50.857066,4.687527,2024-01-29T12:53:33Z,0.0451
50.879077,4.707926,2024-01-29T13:09:56Z,0.7589
50.887433,4.702336,2024-01-29T13:43:27Z,0.258
50.879777,4.699574,2024-01-29T13:54:05Z,0.8638
50.877031,4.703927,2024-01-29T15:58:11Z,0.3095
50.864937,4.680121,2024-01-29T16:17:26Z,0.6436
50.879879,4.709365,2024-01-29T17:22:36Z,0.7559
50.885121,4.69857,2024-01-29T18:32:47Z,0.2042
50.86466,4.683152,2024-01-29T19:51:43Z,0.5074
50.873192,4.682399,2024-01-29T20:40:26Z,0.1043
50.881541,4.716341,2024-01-29T21:50:00Z,0.6336
50.877087,4.705492,2024-01-29T22:41:13Z,0.5026
50.877779,4.685892,2024-01-29T23:01:11Z,0.0191
50.881221,4.710624,2024-01-29T23:03:21Z,0.5736
50.879654,4.700288,2024-01-29T23:33:04Z,0.291
50.884178,4.726527,2024-01-30T00:26:17Z,0.1362
50.868512,4.735251,2024-01-30T00:31:56Z,0.0
50.86099,4.67998,2024-01-30T01:07:51Z,0.1388
50.879483,4.694665,2024-01-30T03:11:00Z,0.0733
50.892096,4.740414,2024-01-30T04:01:01Z,0.0061
50.88024,4.700371,2024-01-30T04:09:42Z,0.2885
50.882078,4.698725,2024-01-30T05:14:27Z,0.0469
50.882187,4.687391,2024-01-30T06:41:26Z,0.0034
50.879804,4.709562,2024-01-30T07:17:49Z,0.2188
50.871893,4.744406,2024-01-30T07:20:00Z,0.0
50.879782,4.701603,2024-01-30T07:22:38Z,0.2782
50.880524,4.674968,2024-01-30T07:37:26Z,0.0016
50.875469,4.703828,2024-01-30T07:40:43Z,0.2768
50.862043,4.725646,2024-01-30T08:01:05Z,0.0
50.877684,4.718282,2024-01-30T08:50:19Z,0.2764
50.878016,4.716256,2024-01-30T08:59:25Z,0.3335
50.8864,4.727842,2024-01-30T11:11:23Z,0.4567
50.879163,4.696446,2024-01-30T11:11:37Z,0.4597
50.871761,4.668825,2024-01-30T12:00:58Z,0.0157
50.877784,4.703176,2024-01-30T13:03:08Z,0.3245
50.877251,4.718348,2024-01-30T13:05:05Z,0.7808
50.88998,4.705029,2024-01-30T13:21:06Z,0.2797
50.881483,4.708584,2024-01-30T14:46:28Z,0.8068
50.87987,4.718359,2024-01-30T15:03:16Z,0.4678
50.891764,4.704937,2024-01-30T19:01:22Z,0.4025
50.856647,4.732383,2024-01-30T19:26:09Z,0.0
50.856587,4.738704,2024-01-30T19:37:27Z,0.0
50.877655,4.702433,2024-01-30T20:12:53Z,0.7902
50.863146,4.679198,2024-01-30T22:54:58Z,0.5893
50.869894,4.719683,2024-01-30T23:39:11Z,0.0
50.877426,4.718087,2024-01-31T00:40:53Z,0.3258
50.884169,4.699435,2024-01-31T00:47:12Z,0.0668
50.901613,4.705383,2024-01-31T00:48:11Z,0.0636
50.881045,4.693595,2024-01-31T01:22:34Z,0.0809
50.880009,4.715411,2024-01-31T01:38:34Z,0.3265
50.881044,4.718394,2024-01-31T01:47:30Z,0.2114
50.86301,4.736864,2024-01-31T03:45:05Z,0.0
50.904412,4.67928,2024-01-31T06:31:09Z,0.0
50.860453,4.673368,2024-01-31T06:53:02Z,0.0722
50.878825,4.700748,2024-01-31T08:23:35Z,0.3726
50.867071,4.673018,2024-01-31T08:55:47Z,0.0558
50.909856,4.688963,2024-01-31T09:22:48Z,0.0002
50.893279,4.667676,2024-01-31T09:46:17Z,0.0
50.878753,4.702442,2024-01-31T12:44:35Z,0.3487
50.881343,4.711923,2024-01-31T15:26:37Z,0.8164
50.88118,4.706896,2024-01-31T15:53:31Z,0.7663
50.88787,4.732846,2024-01-31T16:02:01Z,0.1602
50.909191,4.720278,2024-01-31T16:16:04Z,0.0044
50.878432,4.717027,2024-01-31T16:55:20Z,0.7996
50.858788,4.674158,2024-01-31T17:07:37Z,0.2103
50.888085,4.706151,2024-01-31T21:32:08Z,0.645
50.880753,4.714757,2024-01-31T21:43:47Z,0.7047
50.90244,4.691918,2024-01-31T23:40:00Z,0.0031
50.881607,4.717753,2024-02-01T00:36:07Z,0.2078
50.878647,4.701678,2024-02-01T00:36:14Z,0.9983
50.884595,4.67095,2024-02-01T01:05:43Z,0.0
50.901855,4.660464,2024-02-01T02:13:21Z,0.0
50.880758,4.7158,2024-02-01T02:22:55Z,0.2693
50.883473,4.708136,2024-02-01T02:30:38Z,0.138
50.886576,4.731113,2024-02-01T02:46:20Z,0.0631
50.878273,4.714633,2024-02-01T02:56:17Z,0.3836
50.872694,4.732954,2024-02-01T03:56:56Z,0.0
50.879367,4.702476,2024-02-01T04:04:21Z,0.3421
50.882539,4.700562,2024-02-01T04:44:47Z,0.0553
50.881235,4.710409,2024-02-01T05:11:57Z,0.1968
50.87843,4.701724,2024-02-01T06:02:21Z,0.7116
50.889484,4.687479,2024-02-01T06:34:56Z,0.0001
50.897051,4.721746,2024-02-01T07:17:59Z,0.0457
50.879876,4.698842,2024-02-01T07:44:19Z,0.3887
50.885343,4.725237,2024-02-01T07:54:16Z,0.4825
50.877983,4.701559,2024-02-01T10:20:33Z,0.7616
50.877351,4.702228,2024-02-01T11:31:04Z,0.7231
50.877414,4.716846,2024-02-01T13:06:55Z,0.9731
50.878342,4.718328,2024-02-01T14:50:02Z,0.9428
50.864556,4.684188,2024-02-01T16:21:26Z,0.8207
50.877794,4.716934,2024-02-01T16:22:10Z,0.9747
50.898242,4.728398,2024-02-01T17:56:44Z,0.0035
50.880574,4.699161,2024-02-01T18:03:50Z,0.312
50.89583,4.743807,2024-02-01T18:55:35Z,0.0015
50.880165,4.716117,2024-02-01T19:09:38Z,0.913
50.877954,4.73098,2024-02-01T19:46:16Z,0.0071
50.88742,4.70807,2024-02-02T01:17:06Z,0.2009
50.86597,4.676124,2024-02-02T01:59:57Z,0.1047
50.876125,4.704244,2024-02-02T02:32:01Z,0.2569
50.879025,4.701792,2024-02-02T03:29:31Z,0.9984
50.882868,4.711948,2024-02-02T05:45:33Z,0.1608
50.880579,4.707415,2024-02-02T08:18:24Z,0.5342
50.876745,4.716407,2024-02-02T08:24:52Z,0.1734
50.8783,4.706284,2024-02-02T08:56:36Z,0.533
50.87841,4.700465,2024-02-02T08:59:13Z,0.779
50.880383,4.700263,2024-02-02T09:20:45Z,0.9504
50.873422,4.727082,2024-02-02T10:20:54Z,0.0
50.857626,4.697748,2024-02-02T10:30:40Z,0.0015
50.880342,4.699306,2024-02-02T10:31:33Z,0.923
50.851297,4.726961,2024-02-02T11:08:06Z,0.0
50.883155,4.706752,2024-02-02T12:30:46Z,0.6048
50.880592,4.715006,2024-02-02T13:04:38Z,0.4679
50.878198,4.713541,2024-02-02T13:10:12Z,0.7117
50.863395,4.677816,2024-02-02T13:58:11Z,0.6106
50.85602,4.681963,2024-02-02T15:45:08Z,0.0668
50.853593,4.68746,2024-02-02T16:43:09Z,0.0047
50.864407,4.71294,2024-02-02T17:04:33Z,0.0002
50.886074,4.734826,2024-02-02T18:34:52Z,0.2578
50.882079,4.700373,2024-02-02T19:30:35Z,0.416
50.889828,4.70461,2024-02-02T21:17:01Z,0.6529
50.870786,4.690856,2024-02-02T21:25:34Z,0.1982
50.876744,4.699137,2024-02-02T21:38:35Z,0.8334
50.854668,4.6854,2024-02-02T22:43:16Z,0.0131
50.879054,4.708746,2024-02-02T23:39:08Z,0.5583
50.878451,4.717124,2024-02-02T23:49:07Z,0.7023
50.870494,4.715892,2024-02-03T00:20:07Z,0.0001
50.882988,4.699083,2024-02-03T00:37:11Z,0.0658
50.878144,4.710738,2024-02-03T03:53:28Z,0.2748
50.880215,4.699693,2024-02-03T05:44:28Z,0.5056
50.88368,4.707212,2024-02-03T08:20:45Z,0.1743
50.890451,4.70559,2024-02-03T09:16:20Z,0.277
50.861134,4.673693,2024-02-03T12:15:54Z,0.3719
50.860988,4.682153,2024-02-03T13:51:57Z,0.5054
50.872132,4.70801,2024-02-03T14:04:17Z,0.0042
50.880154,4.714623,2024-02-03T14:53:45Z,0.538
50.878656,4.70092,2024-02-03T15:12:28Z,0.5846
50.877696,4.704404,2024-02-03T15:43:26Z,0.8548
50.889243,4.703842,2024-02-03T16:26:56Z,0.2751
50.889459,4.693693,2024-02-03T16:52:00Z,0.0047
50.878618,4.701196,2024-02-03T19:40:42Z,0.9808
50.853222,4.707823,2024-02-03T20:25:00Z,0.0
50.877819,4.717212,2024-02-03T21:58:24Z,0.6883
50.870535,4.689908,2024-02-04T01:16:38Z,0.0858
50.877452,4.69425,2024-02-04T02:20:45Z,0.0246
50.896611,4.740939,2024-02-04T03:37:36Z,0.0008
50.878669,4.716737,2024-02-04T03:51:48Z,0.2508
50.872166,4.717735,2024-02-04T04:10:01Z,0.0001
50.879749,4.699671,2024-02-04T04:28:18Z,0.3488
50.892299,4.678109,2024-02-04T04:47:48Z,0.0
50.876406,4.702853,2024-02-04T05:38:15Z,0.6017
50.877784,4.703235,2024-02-04T06:10:48Z,0.5719
50.86283,4.678235,2024-02-04T06:24:25Z,0.1783
50.899564,4.690158,2024-02-04T06:40:00Z,0.002
50.878236,4.705524,2024-02-04T07:02:13Z,0.1142
50.902333,4.680698,2024-02-04T07:59:34Z,0.0
50.879947,4.717485,2024-02-04T08:06:00Z,0.7581
50.877732,4.717284,2024-02-04T08:11:14Z,0.2674
50.883473,4.733656,2024-02-04T08:15:59Z,0.0466
50.876694,4.705997,2024-02-04T08:34:36Z,0.2507
50.881638,4.71048,2024-02-04T08:45:05Z,0.3464
50.880021,4.701893,2024-02-04T09:13:09Z,0.3234
50.877827,4.703581,2024-02-04T09:23:27Z,0.5191
50.874829,4.702168,2024-02-04T11:25:01Z,0.5628
50.850776,4.689123,2024-02-04T11:32:24Z,0.0003
50.877676,4.721282,2024-02-04T11:37:53Z,0.1837
50.878253,4.715817,2024-02-04T12:24:37Z,0.8719
50.875607,4.702857,2024-02-04T13:50:30Z,0.7812
50.879919,4.705237,2024-02-04T15:45:12Z,0.6358
50.864456,4.685658,2024-02-04T15:58:08Z,0.4254
50.892687,4.725559,2024-02-04T20:05:20Z,0.0417
50.863533,4.679147,2024-02-04T21:20:05Z,0.6104
50.878592,4.711398,2024-02-04T22:32:07Z,0.6487
50.863666,4.682853,2024-02-04T23:25:52Z,0.5301
50.883525,4.709111,2024-02-04T23:37:48Z,0.1895
50.861247,4.681778,2024-02-05T00:03:42Z,0.2723
50.904051,4.687667,2024-02-05T00:49:54Z,0.0005
50.904755,4.700498,2024-02-05T01:14:20Z,0.0196
50.880287,4.711939,2024-02-05T01:20:41Z,0.1906
50.878361,4.703313,2024-02-05T01:30:15Z,0.9939
50.88431,4.731446,2024-02-05T01:54:07Z,0.0489
50.901367,4.709265,2024-02-05T02:22:47Z,0.0729
50.879062,4.699372,2024-02-05T03:21:48Z,0.9896
50.89315,4.698959,2024-02-05T03:31:29Z,0.0175
50.87844,4.712999,2024-02-05T05:16:39Z,0.4543
50.883278,4.712303,2024-02-05T07:15:06Z,0.1546
50.864364,4.68244,2024-02-05T07:22:53Z,0.4063
50.87431,4.687847,2024-02-05T08:20:17Z,0.1358
50.878239,4.716832,2024-02-05T08:21:28Z,0.4886
50.877598,4.717266,2024-02-05T11:41:18Z,0.9777
50.860725,4.688281,2024-02-05T14:05:16Z,0.2558
50.881541,4.718276,2024-02-05T14:23:19Z,0.4969
50.886353,4.70268,2024-02-05T14:26:30Z,0.1936
50.879325,4.701203,2024-02-05T15:57:43Z,0.6724
50.857809,4.670507,2024-02-05T16:37:11Z,0.1843
50.881915,4.698658,2024-02-05T16:50:43Z,0.1893
50.878761,4.709036,2024-02-05T18:33:30Z,0.8259
50.878303,4.712188,2024-02-05T19:53:47Z,0.9145
50.88142,4.714715,2024-02-05T22:35:30Z,0.6072
50.879917,4.714383,2024-02-06T00:10:18Z,0.2634
50.90426,4.685982,2024-02-06T00:26:10Z,0.0002
50.884752,4.7078,2024-02-06T02:42:20Z,0.3021
50.878146,4.712742,2024-02-06T03:18:04Z,0.2787
50.878456,4.705216,2024-02-06T05:01:40Z,0.211
50.880471,4.707877,2024-02-06T05:58:36Z,0.1968
50.881456,4.693797,2024-02-06T07:47:24Z,0.0697
50.870753,4.728574,2024-02-06T11:11:02Z,0.0
50.864956,4.698388,2024-02-06T11:16:58Z,0.0239
50.880037,4.712101,2024-02-06T12:26:55Z,0.7623
50.886692,4.726102,2024-02-06T13:43:06Z,0.3293
50.879528,4.701025,2024-02-06T13:48:58Z,0.6853
50.881552,4.711112,2024-02-06T13:57:59Z,0.8333
50.878647,4.705393,2024-02-06T18:29:53Z,0.8031
50.89141,4.733794,2024-02-06T18:45:40Z,0.0904
50.878935,4.715871,2024-02-06T20:50:13Z,0.3507
50.875305,4.718915,2024-02-06T21:20:36Z,0.1009
50.853902,4.715034,2024-02-06T21:58:05Z,0.0
50.877632,4.704412,2024-02-06T22:09:55Z,0.5364
50.850222,4.681822,2024-02-06T23:42:07Z,0.0006
50.876306,4.703404,2024-02-07T01:02:42Z,0.8865
50.878343,4.717712,2024-02-07T01:27:21Z,0.2787
50.874829,4.704732,2024-02-07T03:30:28Z,0.1542
50.880909,4.714787,2024-02-07T03:42:03Z,0.2841
50.880028,4.700126,2024-02-07T03:42:28Z,0.3164
50.8719,4.717389,2024-02-07T03:44:29Z,0.0001
50.875296,4.702355,2024-02-07T04:47:22Z,0.215
50.883467,4.709073,2024-02-07T05:05:40Z,0.1205
50.885344,4.705362,2024-02-07T05:11:38Z,0.2862
50.878394,4.716023,2024-02-07T05:42:03Z,0.3093
50.876882,4.717234,2024-02-07T05:44:51Z,0.2784
50.87893,4.707281,2024-02-07T06:59:58Z,0.197
50.904213,4.671606,2024-02-07T07:36:38Z,0.0
50.882904,4.700376,2024-02-07T07:36:56Z,0.0421
50.881391,4.716535,2024-02-07T08:27:08Z,0.8559
50.88273,4.71907,2024-02-07T09:23:45Z,0.4849
50.875837,4.703562,2024-02-07T10:48:13Z,0.7879
50.876848,4.702892,2024-02-07T10:58:28Z,0.3028
50.895619,4.711031,2024-02-07T12:20:32Z,0.0604
50.89332,4.744017,2024-02-07T12:22:05Z,0.006
50.881874,4.729406,2024-02-07T12:52:13Z,0.0834
50.877276,4.718233,2024-02-07T12:54:36Z,0.7816
50.862843,4.683064,2024-02-07T12:58:52Z,0.5912
50.879949,4.699458,2024-02-07T13:37:15Z,0.8713
50.882534,4.693262,2024-02-07T13:48:02Z,0.2278
50.903165,4.713523,2024-02-07T13:58:58Z,0.0655
50.878953,4.701539,2024-02-07T15:53:26Z,0.3661
50.889961,4.707466,2024-02-07T20:53:06Z,0.5396
50.881968,4.716224,2024-02-07T23:00:39Z,0.305
50.879236,4.699553,2024-02-07T23:22:48Z,0.3313
50.883557,4.71466,2024-02-08T00:31:16Z,0.1621
